{
  "-KMzUE6WlgbqgTpgWh2O": {
    "coordTimestamp": 1468870214.000113,
    "msg": "timestamp: 1468870214945",
    "coord": [
      -77.03256254091582,
      38.91325214415687
    ],
    "horizontalAccuracy": 10,
    "timestamp": 1468870226.426506
  },
  "-KMzUGDvlj8Bn0g5Wt8g": {
    "coordTimestamp": 1468870234.000099,
    "msg": "timestamp: 1468870234947",
    "coord": [
      -77.03278717592082,
      38.91324707310545
    ],
    "horizontalAccuracy": 10,
    "timestamp": 1468870235.092241
  },
  "-KMzU6hksAxK0c8uATep": {
    "coordTimestamp": 1468870189.999994,
    "msg": "timestamp: 1468870193954",
    "coord": [
      -77.03265205964169,
      38.91341508835453
    ],
    "horizontalAccuracy": 10,
    "timestamp": 1468870196.107038
  },
  "-KMzUE6ZsXnwfe7lwZJa": {
    "coordTimestamp": 1468870214.000113,
    "msg": "timestamp: 1468870215948",
    "coord": [
      -77.03256254091582,
      38.91325214415687
    ],
    "horizontalAccuracy": 10,
    "timestamp": 1468870226.429717
  },
  "-KMzUJQR0hELdu_LWYnA": {
    "coordTimestamp": 1468870237.000113,
    "msg": "timestamp: 1468870240946",
    "coord": [
      -77.03278717592082,
      38.91324707310545
    ],
    "horizontalAccuracy": 10,
    "timestamp": 1468870248.181198
  },
  "-KMzUFTyFIpYhJkmh5X0": {
    "coordTimestamp": 1468870231.000051,
    "msg": "timestamp: 1468870231947",
    "coord": [
      -77.03278717592082,
      38.91324707310545
    ],
    "horizontalAccuracy": 30,
    "timestamp": 1468870232.024015
  },
  "-KMzUE6hYt84Izxq4b6M": {
    "coordTimestamp": 1468870214.000113,
    "msg": "timestamp: 1468870217948",
    "coord": [
      -77.03256254091582,
      38.91325214415687
    ],
    "horizontalAccuracy": 10,
    "timestamp": 1468870226.438093
  },
  "-KMzUJQnbZrUtKEGKi1C": {
    "coordTimestamp": 1468870237.000113,
    "msg": "timestamp: 1468870245948",
    "coord": [
      -77.03278717592082,
      38.91324707310545
    ],
    "horizontalAccuracy": 10,
    "timestamp": 1468870248.204231
  },
  "-KMzU6wPHrnf1yV5yUpH": {
    "coordTimestamp": 1468870196.000063,
    "msg": "timestamp: 1468870196945",
    "coord": [
      -77.03265583149812,
      38.91338906254518
    ],
    "horizontalAccuracy": 10,
    "timestamp": 1468870197.043068
  },
  "-KMzU8zMkomIIoxRHWca": {
    "coordTimestamp": 1468870198.99996,
    "msg": "timestamp: 1468870202947",
    "coord": [
      -77.03263747513017,
      38.91335788186538
    ],
    "horizontalAccuracy": 10,
    "timestamp": 1468870205.424059
  },
  "-KMzU97Z_h6knk06aH3X": {
    "coordTimestamp": 1468870205.490618,
    "msg": "timestamp: 1468870205948",
    "coord": [
      -77.03258676461598,
      38.91331006310779
    ],
    "horizontalAccuracy": 10,
    "timestamp": 1468870206.01353
  },
  "-KMzUE76Z8MB1TMcyLW8": {
    "coordTimestamp": 1468870214.000113,
    "msg": "timestamp: 1468870224944",
    "coord": [
      -77.03256254091582,
      38.91325214415687
    ],
    "horizontalAccuracy": 10,
    "timestamp": 1468870226.464831
  },
  "-KMzU3zhyTT4Rcl6SWmD": {
    "coordTimestamp": 1468870183.999994,
    "msg": "timestamp: 1468870184978",
    "coord": [
      -77.03265205964169,
      38.91341508835453
    ],
    "horizontalAccuracy": 30,
    "timestamp": 1468870184.966305
  },
  "-KMzUJQUqq-rFxwfKYOb": {
    "coordTimestamp": 1468870237.000113,
    "msg": "timestamp: 1468870241945",
    "coord": [
      -77.03278717592082,
      38.91324707310545
    ],
    "horizontalAccuracy": 10,
    "timestamp": 1468870248.184102
  },
  "-KMzU8zAnDZnszxLLrxY": {
    "coordTimestamp": 1468870198.99996,
    "msg": "timestamp: 1468870200944",
    "coord": [
      -77.03263747513017,
      38.91335788186538
    ],
    "horizontalAccuracy": 10,
    "timestamp": 1468870205.412218
  },
  "-KMzUFxKFF2La8cTc3fZ": {
    "coordTimestamp": 1468870233.000124,
    "msg": "timestamp: 1468870233944",
    "coord": [
      -77.03278717592082,
      38.91324707310545
    ],
    "horizontalAccuracy": 30,
    "timestamp": 1468870233.966576
  },
  "-KMzUJQNayxD99lveuNZ": {
    "coordTimestamp": 1468870237.000113,
    "msg": "timestamp: 1468870239951",
    "coord": [
      -77.03278717592082,
      38.91324707310545
    ],
    "horizontalAccuracy": 10,
    "timestamp": 1468870248.177957
  },
  "-KMzU9qyXQePqckehruk": {
    "coordTimestamp": 1468870207.999965,
    "msg": "timestamp: 1468870208944",
    "coord": [
      -77.03257310211382,
      38.91329640060562
    ],
    "horizontalAccuracy": 10,
    "timestamp": 1468870208.983362
  },
  "-KMzU6hgUprKBmaXtOMc": {
    "coordTimestamp": 1468870189.999994,
    "msg": "timestamp: 1468870192948",
    "coord": [
      -77.03265205964169,
      38.91341508835453
    ],
    "horizontalAccuracy": 10,
    "timestamp": 1468870196.101886
  },
  "-KMzUJr2lii7WBbeNuXi": {
    "coordTimestamp": 1468870248.283133,
    "msg": "timestamp: 1468870249946",
    "coord": [
      -77.03278717592082,
      38.91324707310545
    ],
    "horizontalAccuracy": 10,
    "timestamp": 1468870249.948804
  },
  "-KMzUJQ-8rmTp2bSAE7A": {
    "coordTimestamp": 1468870237.000113,
    "msg": "timestamp: 1468870237946",
    "coord": [
      -77.03278717592082,
      38.91324707310545
    ],
    "horizontalAccuracy": 10,
    "timestamp": 1468870248.153244
  },
  "-KMzUE6vR_PNqwGfUGxf": {
    "coordTimestamp": 1468870214.000113,
    "msg": "timestamp: 1468870221948",
    "coord": [
      -77.03256254091582,
      38.91325214415687
    ],
    "horizontalAccuracy": 10,
    "timestamp": 1468870226.45275
  },
  "-KMzU4iFhKU4u1qnZd9o": {
    "coordTimestamp": 1468870186.999994,
    "msg": "timestamp: 1468870187948",
    "coord": [
      -77.03265205964169,
      38.91341508835453
    ],
    "horizontalAccuracy": 30,
    "timestamp": 1468870187.945839
  },
  "-KMzUAqynSVRilQZxExR": {
    "coordTimestamp": 1468870212.000113,
    "msg": "timestamp: 1468870212946",
    "coord": [
      -77.03255281790814,
      38.91325549691814
    ],
    "horizontalAccuracy": 10,
    "timestamp": 1468870213.079086
  },
  "-KMzU7AjAZnM8zCvAWg0": {
    "coordTimestamp": 1468870197.0001,
    "msg": "timestamp: 1468870197946",
    "coord": [
      -77.03265063471815,
      38.91337330456722
    ],
    "horizontalAccuracy": 10,
    "timestamp": 1468870198.024447
  },
  "-KMzUEy__-53Yt0kArkR": {
    "coordTimestamp": 1468870228.999962,
    "msg": "timestamp: 1468870229945",
    "coord": [
      -77.0327070449265,
      38.91321321021664
    ],
    "horizontalAccuracy": 50,
    "timestamp": 1468870229.950544
  },
  "-KMzUJQpqtFTXKu3iE09": {
    "coordTimestamp": 1468870237.000113,
    "msg": "timestamp: 1468870246949",
    "coord": [
      -77.03278717592082,
      38.91324707310545
    ],
    "horizontalAccuracy": 10,
    "timestamp": 1468870248.2064
  },
  "-KMzU6hZGofwYB6U-MUc": {
    "coordTimestamp": 1468870189.999994,
    "msg": "timestamp: 1468870190945",
    "coord": [
      -77.03265205964169,
      38.91341508835453
    ],
    "horizontalAccuracy": 10,
    "timestamp": 1468870196.09308
  },
  "-KMzU8zFiLgeks4CCeJ5": {
    "coordTimestamp": 1468870198.99996,
    "msg": "timestamp: 1468870201948",
    "coord": [
      -77.03263747513017,
      38.91335788186538
    ],
    "horizontalAccuracy": 10,
    "timestamp": 1468870205.417237
  },
  "-KMzU7QkdUsHqlu7GOsx": {
    "coordTimestamp": 1468870198.000023,
    "msg": "timestamp: 1468870198946",
    "coord": [
      -77.03264594085238,
      38.91336379110712
    ],
    "horizontalAccuracy": 10,
    "timestamp": 1468870199.049145
  },
  "-KMzU8z0zGrCK1Nd0FOM": {
    "coordTimestamp": 1468870198.99996,
    "msg": "timestamp: 1468870199944",
    "coord": [
      -77.03263747513017,
      38.91335788186538
    ],
    "horizontalAccuracy": 10,
    "timestamp": 1468870205.402937
  },
  "-KMzUB3xdhU19aOeLWMV": {
    "coordTimestamp": 1468870213.000114,
    "msg": "timestamp: 1468870213944",
    "coord": [
      -77.03256254091582,
      38.91325214415687
    ],
    "horizontalAccuracy": 10,
    "timestamp": 1468870213.974967
  },