{
  "-KMzUJQrG6y214HVxYpC": {
    "coord": [
      -77.03278717592082,
      38.91324707310545
    ],
    "coordTimestamp": 1468870237.000113,
    "timestamp": 1468870248.208336,
    "msg": "timestamp: 1468870247949",
    "horizontalAccuracy": 10
  },
  "-KMzU3mAWfSztpqideIu": {
    "coord": [
      -77.03265205964169,
      38.91341508835453
    ],
    "coordTimestamp": 1468870182.999993,
    "timestamp": 1468870184.101479,
    "msg": "timestamp: 1468870183947",
    "horizontalAccuracy": 50
  },
  "-KMzUK5It3O6y1tFV1A8": {
    "coord": [
      -77.03277024447641,
      38.91319816470045
    ],
    "coordTimestamp": 1468870249.383071,
    "timestamp": 1468870250.924537,
    "msg": "timestamp: 1468870250946",
    "horizontalAccuracy": 30
  },
  "-KMzUJQhqiQ4h6H2drXk": {
    "coord": [
      -77.03278717592082,
      38.91324707310545
    ],
    "coordTimestamp": 1468870237.000113,
    "timestamp": 1468870248.198551,
    "msg": "timestamp: 1468870244946",
    "horizontalAccuracy": 10
  },
  "-KMzUGSKmfo7FnO209tF": {
    "coord": [
      -77.03278717592082,
      38.91324707310545
    ],
    "coordTimestamp": 1468870235.000079,
    "timestamp": 1468870236.014066,
    "msg": "timestamp: 1468870235948",
    "horizontalAccuracy": 10
  },
  "-KMzU4iFhKU4u1qnZd9o": {
    "coord": [
      -77.03265205964169,
      38.91341508835453
    ],
    "coordTimestamp": 1468870186.999994,
    "timestamp": 1468870187.945839,
    "msg": "timestamp: 1468870187948",
    "horizontalAccuracy": 30
  },
  "-KMzUJQLCGANl0GfyUTs": {
    "coord": [
      -77.03278717592082,
      38.91324707310545
    ],
    "coordTimestamp": 1468870237.000113,
    "timestamp": 1468870248.175444,
    "msg": "timestamp: 1468870238948",
    "horizontalAccuracy": 10
  },
  "-KMzUAagFMDnu841O4qF": {
    "coord": [
      -77.03255172826073,
      38.91326932705837
    ],
    "coordTimestamp": 1468870211.000113,
    "timestamp": 1468870212.037848,
    "msg": "timestamp: 1468870211947",
    "horizontalAccuracy": 10
  },
  "-KMzUE6ZsXnwfe7lwZJa": {
    "coord": [
      -77.03256254091582,
      38.91325214415687
    ],
    "coordTimestamp": 1468870214.000113,
    "timestamp": 1468870226.429717,
    "msg": "timestamp: 1468870215948",
    "horizontalAccuracy": 10
  },
  "-KMzUJQR0hELdu_LWYnA": {
    "coord": [
      -77.03278717592082,
      38.91324707310545
    ],
    "coordTimestamp": 1468870237.000113,
    "timestamp": 1468870248.181198,
    "msg": "timestamp: 1468870240946",
    "horizontalAccuracy": 10
  },
  "-KMzUE6aRMjppjo9GIwT": {
    "coord": [
      -77.03256254091582,
      38.91325214415687
    ],
    "coordTimestamp": 1468870214.000113,
    "timestamp": 1468870226.431899,
    "msg": "timestamp: 1468870216944",
    "horizontalAccuracy": 10
  },
  "-KMzUFxKFF2La8cTc3fZ": {
    "coord": [
      -77.03278717592082,
      38.91324707310545
    ],
    "coordTimestamp": 1468870233.000124,
    "timestamp": 1468870233.966576,
    "msg": "timestamp: 1468870233944",
    "horizontalAccuracy": 30
  },
  "-KMzUE6nLPC5Q9FYpbik": {
    "coord": [
      -77.03256254091582,
      38.91325214415687
    ],
    "coordTimestamp": 1468870214.000113,
    "timestamp": 1468870226.444539,
    "msg": "timestamp: 1468870219947",
    "horizontalAccuracy": 10
  },
  "-KMzU4Fl3DE5LLmuTCig": {
    "coord": [
      -77.03265205964169,
      38.91341508835453
    ],
    "coordTimestamp": 1468870184.999994,
    "timestamp": 1468870186.058836,
    "msg": "timestamp: 1468870185945",
    "horizontalAccuracy": 30
  },
  "-KMzU6hcOKNAxaIgdqIP": {
    "coord": [
      -77.03265205964169,
      38.91341508835453
    ],
    "coordTimestamp": 1468870189.999994,
    "timestamp": 1468870196.097214,
    "msg": "timestamp: 1468870191944",
    "horizontalAccuracy": 10
  },
  "-KMzU8zTfRptzxU1FVQk": {
    "coord": [
      -77.03263747513017,
      38.91335788186538
    ],
    "coordTimestamp": 1468870198.99996,
    "timestamp": 1468870205.431803,
    "msg": "timestamp: 1468870204948",
    "horizontalAccuracy": 10
  },
  "-KMzUE7AELLszO-b1EZ9": {
    "coord": [
      -77.03256254091582,
      38.91325214415687
    ],
    "coordTimestamp": 1468870214.000113,
    "timestamp": 1468870226.468611,
    "msg": "timestamp: 1468870225949",
    "horizontalAccuracy": 10
  },
  "-KMzU6hZGofwYB6U-MUc": {
    "coord": [
      -77.03265205964169,
      38.91341508835453
    ],
    "coordTimestamp": 1468870189.999994,
    "timestamp": 1468870196.09308,
    "msg": "timestamp: 1468870190945",
    "horizontalAccuracy": 10
  },
  "-KMzU8zFiLgeks4CCeJ5": {
    "coord": [
      -77.03263747513017,
      38.91335788186538
    ],
    "coordTimestamp": 1468870198.99996,
    "timestamp": 1468870205.417237,
    "msg": "timestamp: 1468870201948",
    "horizontalAccuracy": 10
  },
  "-KMzUE6xK1kGMu4ARV0U": {
    "coord": [
      -77.03256254091582,
      38.91325214415687
    ],
    "coordTimestamp": 1468870214.000113,
    "timestamp": 1468870226.45485,
    "msg": "timestamp: 1468870222945",
    "horizontalAccuracy": 10
  },
  "-KMzU9qyXQePqckehruk": {
    "coord": [
      -77.03257310211382,
      38.91329640060562
    ],
    "coordTimestamp": 1468870207.999965,
    "timestamp": 1468870208.983362,
    "msg": "timestamp: 1468870208944",
    "horizontalAccuracy": 10
  },
  "-KMzU8zAnDZnszxLLrxY": {
    "coord": [
      -77.03263747513017,
      38.91335788186538
    ],
    "coordTimestamp": 1468870198.99996,
    "timestamp": 1468870205.412218,
    "msg": "timestamp: 1468870200944",
    "horizontalAccuracy": 10
  },
  "-KMzUJQpqtFTXKu3iE09": {
    "coord": [
      -77.03278717592082,
      38.91324707310545
    ],
    "coordTimestamp": 1468870237.000113,
    "timestamp": 1468870248.2064,
    "msg": "timestamp: 1468870246949",
    "horizontalAccuracy": 10
  },
  "-KMzUJQnbZrUtKEGKi1C": {
    "coord": [
      -77.03278717592082,
      38.91324707310545
    ],
    "coordTimestamp": 1468870237.000113,
    "timestamp": 1468870248.204231,
    "msg": "timestamp: 1468870245948",
    "horizontalAccuracy": 10
  },
  "-KMzUE6vR_PNqwGfUGxf": {
    "coord": [
      -77.03256254091582,
      38.91325214415687
    ],
    "coordTimestamp": 1468870214.000113,
    "timestamp": 1468870226.45275,
    "msg": "timestamp: 1468870221948",
    "horizontalAccuracy": 10
  },
  "-KMzU6huaTqKZRD82FtF": {
    "coord": [
      -77.03265205964169,
      38.91341508835453
    ],
    "coordTimestamp": 1468870189.999994,
    "timestamp": 1468870196.115411,
    "msg": "timestamp: 1468870195948",
    "horizontalAccuracy": 10
  },
  "-KMzU3zhyTT4Rcl6SWmD": {
    "coord": [
      -77.03265205964169,
      38.91341508835453
    ],
    "coordTimestamp": 1468870183.999994,
    "timestamp": 1468870184.966305,
    "msg": "timestamp: 1468870184978",
    "horizontalAccuracy": 30
  },
  "-KMzUJcadsIFiPUUyjEd": {
    "coord": [
      -77.03278717592082,
      38.91324707310545
    ],
    "coordTimestamp": 1468870248.283133,
    "timestamp": 1468870249.02304,
    "msg": "timestamp: 1468870248945",
    "horizontalAccuracy": 10
  },
  "-KMzUJQfTeWpD5W_aWk0": {
    "coord": [
      -77.03278717592082,
      38.91324707310545
    ],
    "coordTimestamp": 1468870237.000113,
    "timestamp": 1468870248.196128,
    "msg": "timestamp: 1468870243945",
    "horizontalAccuracy": 10
  },
  "-KMzU6hgUprKBmaXtOMc": {
    "coord": [
      -77.03265205964169,
      38.91341508835453
    ],
    "coordTimestamp": 1468870189.999994,
    "timestamp": 1468870196.101886,
    "msg": "timestamp: 1468870192948",
    "horizontalAccuracy": 10
  },
  "-KMzUEVW_EwtLr7mhpqK": {
    "coord": [
      -77.03260813846907,
      38.91319736841965
    ],
    "coordTimestamp": 1468870226.470961,
    "timestamp": 1468870228.026909,
    "msg": "timestamp: 1468870227948",
    "horizontalAccuracy": 10
  },
  "-KMzUE6q06AKx-K_DQRH": {
    "coord": [
      -77.03256254091582,
      38.91325214415687
    ],
    "coordTimestamp": 1468870214.000113,
    "timestamp": 1468870226.447405,
    "msg": "timestamp: 1468870220948",
    "horizontalAccuracy": 10
  },