{
  "-KNFyiruSJ-qbc8E_ukM": {
    "msg": "1469163695584/5",
    "timestamp": 1469163695.585268
  },
  "-KNFykQXIhwxpCMepBh4": {
    "coord": [
      -122.03075862,
      37.33085898
    ],
    "horizontalAccuracy": 10,
    "coordTimestamp": 1469163701.960379,
    "timestamp": 1469163701.961553
  },
  "-KNFyicJDFpuWL1XBBQf": {
    "msg": "1469163694586/4",
    "timestamp": 1469163694.587506
  },
  "-KNFyl9_Ygw5u-l9x7PZ": {
    "coord": [
      -122.03066881,
      37.33069642
    ],
    "horizontalAccuracy": 10,
    "coordTimestamp": 1469163704.971715,
    "timestamp": 1469163704.972478
  },
  "-KNFyhj3zBXK91lj3T_U": {
    "coord": [
      -122.03068145,
      37.33155419
    ],
    "horizontalAccuracy": 30,
    "coordTimestamp": 1469163690.92238,
    "timestamp": 1469163690.92306
  },
  "-KNFyjC701hVJANT6m81": {
    "coord": [
      -122.03076342,
      37.33123666
    ],
    "horizontalAccuracy": 30,
    "coordTimestamp": 1469163696.942312,
    "timestamp": 1469163696.943323
  },
  "-KNFyiT5xCx0mf04b0fz": {
    "coord": [
      -122.03075535,
      37.33144466
    ],
    "horizontalAccuracy": 30,
    "coordTimestamp": 1469163693.932475,
    "timestamp": 1469163693.933399
  },
  "-KNFyk_HshRInyoZjpKF": {
    "msg": "1469163702585/12",
    "timestamp": 1469163702.585723
  },
  "-KNFyi830tPv1aPL0kMR": {
    "msg": "1469163692586/2",
    "timestamp": 1469163692.587184
  },
  "-KNFyiDQQQvP-3W6TxkA": {
    "coord": [
      -122.03074488,
      37.33149482
    ],
    "horizontalAccuracy": 30,
    "coordTimestamp": 1469163692.929079,
    "timestamp": 1469163692.930091
  },
  "-KNFyj6ZsvWJpAfq2mMu": {
    "msg": "1469163696586/6",
    "timestamp": 1469163696.587588
  },
  "-KNFyk522kLXVB9sOR07": {
    "msg": "1469163700586/10",
    "timestamp": 1469163700.586637
  },
  "-KNFyjw997-mncCeaxL3": {
    "coord": [
      -122.03077622,
      37.33100231
    ],
    "horizontalAccuracy": 30,
    "coordTimestamp": 1469163699.952503,
    "timestamp": 1469163699.953475
  },
  "-KNFyihmNcYeeM5HFNuG": {
    "coord": [
      -122.03075743,
      37.33138305
    ],
    "horizontalAccuracy": 30,
    "coordTimestamp": 1469163694.936005,
    "timestamp": 1469163694.937219
  },
  "-KNFyjRnTTcovS4D9CyD": {
    "coord": [
      -122.03076853,
      37.33115792
    ],
    "horizontalAccuracy": 30,
    "coordTimestamp": 1469163697.945441,
    "timestamp": 1469163697.946395
  },
  "-KNFykAphCeQtYn8sqU6": {
    "coord": [
      -122.03077056,
      37.33092521
    ],
    "horizontalAccuracy": 10,
    "coordTimestamp": 1469163700.955652,
    "timestamp": 1469163700.956529
  },
  "-KNFyjqOcc0_LCnVTlF9": {
    "msg": "1469163699583/9",
    "timestamp": 1469163699.584467
  },
  "-KNFyhyjwyOUi8cuKeyI": {
    "coord": [
      -122.0307334,
      37.33154242
    ],
    "horizontalAccuracy": 30,
    "coordTimestamp": 1469163691.925533,
    "timestamp": 1469163691.926469
  },
  "-KNFykKgSeWtk7xx6Akg": {
    "msg": "1469163701587/11",
    "timestamp": 1469163701.587699
  },
  "-KNFyixRRVv4TQzevDgo": {
    "coord": [
      -122.03075659,
      37.33131185
    ],
    "horizontalAccuracy": 30,
    "coordTimestamp": 1469163695.939048,
    "timestamp": 1469163695.939907
  },
  "-KNFykutdBcf1sT8S3Sb": {
    "coord": [
      -122.0306985,
      37.33074557
    ],
    "horizontalAccuracy": 10,
    "coordTimestamp": 1469163703.967741,
    "timestamp": 1469163703.968667
  },
  "-KNFyhEo66SdF_SDAQLr": {
    "coord": [
      -122.03057969,
      37.33156519
    ],
    "horizontalAccuracy": 30,
    "coordTimestamp": 1469163688.917216,
    "timestamp": 1469163688.924497
  },
  "-KNFykfDP5evokzyloNS": {
    "coord": [
      -122.03072881,
      37.330798
    ],
    "horizontalAccuracy": 10,
    "coordTimestamp": 1469163702.964135,
    "timestamp": 1469163702.965062
  },
  "-KNFyjgTXxRwAqquvkjx": {
    "coord": [
      -122.0307725,
      37.3310798
    ],
    "horizontalAccuracy": 30,
    "coordTimestamp": 1469163698.948883,
    "timestamp": 1469163698.949842
  },
  "-KNFyl3VFBqby4gwZQxL": {
    "msg": "1469163704583/14",
    "timestamp": 1469163704.583799
  },
  "-KNFyjajlmwL95Hz7P__": {
    "msg": "1469163698581/8",
    "timestamp": 1469163698.582488
  },
  "-KNFyhUNLJBnztoVCgDU": {
    "coord": [
      -122.03062909,
      37.33156564
    ],
    "horizontalAccuracy": 30,
    "coordTimestamp": 1469163689.918622,
    "timestamp": 1469163689.919756
  },
  "-KNFykowYyYcjYc3IvtB": {
    "msg": "1469163703587/13",
    "timestamp": 1469163703.587772
  },
  "-KNFyjM8SRdBYPmSaZco": {
    "msg": "1469163697583/7",
    "timestamp": 1469163697.584181
  },
  "-KNFyiNgB3l0acWEZraF": {
    "msg": "1469163693586/3",
    "timestamp": 1469163693.58768
  }
}
